<?xml version="1.0" encoding="utf-8" standalone="no"?>
<!-- 
	Usage:

	To localize the description, use the following format for the description element.
	<description>
	<text xml:lang="en">English App description goes here</text>
	<text xml:lang="fr">French App description goes here</text>
	<text xml:lang="ja">Japanese App description goes here</text>
	</description>

	To localize the name, use the following format for the name element.
	<name>
	<text xml:lang="en">English App name goes here</text>
	<text xml:lang="fr">French App name goes here</text>
	<text xml:lang="ja">Japanese App name goes here</text>
	</name>
-->
<application xmlns="http://ns.adobe.com/air/application/13.0">
    <id>Beat-Wave</id>
    <versionNumber>1.0</versionNumber>
    <filename>Beat Wave</filename>
    <description></description>
    <name>Beat Wave</name>
    <copyright></copyright>
    <initialWindow>
        <content>Beat%20Wave.swf</content>
        <systemChrome>standard</systemChrome>
        <transparent>false</transparent>
        <visible>true</visible>
        <fullScreen>false</fullScreen>
        <aspectRatio>portrait</aspectRatio>
        <renderMode>auto</renderMode>
        <maximizable>true</maximizable>
        <minimizable>true</minimizable>
        <resizable>true</resizable>
    </initialWindow>
    <icon>
        <image128x128>AppIconsForPublish/icone.png</image128x128>
    </icon>
    <customUpdateUI>false</customUpdateUI>
    <allowBrowserInvocation>false</allowBrowserInvocation>
    <supportedProfiles>desktop extendedDesktop</supportedProfiles>
    
</application>